Unnamed: 0,Algorithm,ProofType,TotalCoinsMined,TotalCoinSupply,PC 1,PC 2,PC 3,class,CoinName
42,Scrypt,PoW/PoS,41.99995383,42.0,-0.33106787259136583,0.9267668544872479,-0.6089618175413237,0,42 Coin
404,Scrypt,PoW/PoS,1055184902.04,532000000.0,-0.31438871526301804,0.927030379288118,-0.6092936431107381,0,404Coin
1337,X13,PoW/PoS,29279424622.5027,314159265359.0,2.318096590676062,1.5452706021923701,-0.7319816523058114,0,EliteCoin
BTC,SHA-256,PoW,17927175.0,21000000.0,-0.14261933737009766,-1.3033395720626424,0.16002339245158595,3,Bitcoin
ETH,Ethash,PoW,107684222.6865,0.0,-0.15204039057749968,-1.9351750398327152,0.3297616849547085,3,Ethereum
LTC,Scrypt,PoW,63039243.3000049,84000000.0,-0.16831512082451328,-1.1364575926525389,-0.014768103696480883,3,Litecoin
DASH,X11,PoW/PoS,9031294.37563393,22000000.0,-0.3800917125964707,1.1433168671596838,-0.5842818817842351,0,Dash
XMR,CryptoNight-V7,PoW,17201143.1449131,0.0,-0.15553820317199607,-2.1867143334088803,0.3795875838097907,3,Monero
ETC,Ethash,PoW,113359703.0,210000000.0,-0.15048134741105804,-1.9352687098980754,0.3297462129855965,3,Ethereum Classic
ZEC,Equihash,PoW,7383056.25,21000000.0,-0.15615443825120773,-2.064357622644721,0.49038208716133946,3,ZCash
BTS,SHA-512,PoS,2741570000.0,3600570502.0,-0.33281847226611205,2.3198012983966234,0.2465955567524002,0,Bitshares
DGB,Multiple,PoW,11406219141.0,21000000000.0,0.15846846310950571,-1.7638676291520512,0.3490096394501717,3,DigiByte
BTCD,SHA-256,PoW/PoS,1288862.0,22000000.0,-0.3042016385605148,0.7598681831135856,-0.43418898389913396,0,BitcoinDark
XPY,SHA-256,PoS,11995334.8847328,12500000.0,-0.26872899407296486,0.734921865656393,-0.03504742410291798,0,PayCoin
PRC,Scrypt,PoW,5768310.0,21000000.0,-0.16946246130192597,-1.1364562303442842,-0.014747838705607256,3,ProsperCoin
KOBO,X15,PoW/PoS,25542535.5881841,350000000.0,-0.24151855246259163,1.6724908106599985,-0.6983945569235498,0,KoboCoin
SPR,X11,PoW,11149733.9976203,20000000.0,-0.2186940900767042,-0.9198974157312771,0.009934643004522008,3,Spreadcoin
ARG,Scrypt,PoW,12205795.4449549,64000000.0,-0.16907870836406463,-1.1364728719716184,-0.014752489979521055,3,Argentum
AUR,Scrypt,PoW/PoS,18135099.992959,16768584.0,-0.33072712471266663,0.9267678831910555,-0.6089680243583568,0,Aurora Coin
BLU,Scrypt,PoW/PoS,635423900.0,0.0,-0.32329632635285227,0.9270726118974771,-0.6091404712515556,0,BlueCoin
XMY,Multiple,PoW,1688254250.0,2000000000.0,-0.09516301030069267,-1.7598217848508992,0.3529973829691596,3,MyriadCoin
MOON,Scrypt,PoW,88.0,384000000000.0,2.554211511023237,-1.312725534871976,-0.040118579167799755,3,MoonCoin
ZET,SHA-256,PoW,170204389.754849,169795588.0,-0.13970143465497273,-1.3033346033107287,0.15997074664676442,3,ZetaCoin
SXC,Scrypt,PoW,128940951.183046,250000000.0,-0.16633159404676484,-1.1365020843583815,-0.014797601267752388,3,SexCoin
QTL,Scrypt,PoW,7357794.7925,100000000.0,-0.16888263678413798,-1.1364917306549982,-0.014753505720415776,3,Quatloo
ENRG,Scrypt,PoW/PoS,123062801.128773,0.0,-0.32956275477414343,0.9268260706465566,-0.6089964174651533,0,EnergyCoin
QRK,Quark,PoW,259557164.91477,247000000.0,-0.22552726786793117,-0.37625022587611917,0.07907701670476097,3,QuarkCoin
RIC,Groestl,PoW,49548585.1412917,84000000.0,-0.19696183819378116,-1.2459310933601166,0.11442779668635668,3,Riecoin
DGC,Scrypt,PoW,33442988.3440364,48166000.0,-0.16893128508740332,-1.1364553842831486,-0.014757414689146637,3,Digitalcoin 
BTB,Scrypt,PoW/PoS,42579.476901,500000.0,-0.33106380589870327,0.9267666454487243,-0.608961862536982,0,BitBar
CAT,Scrypt,PoW,7219956.64626131,21000000.0,-0.16944470694894753,-1.1364555318314953,-0.014748246845874613,3,Catcoin
CBX,Scrypt,PoW/PoS,1039116.65144562,1000000.0,-0.3310480710222604,0.926766895442711,-0.608962175758882,0,CryptoBullion
CCN,Scrypt,PoW,4703879.51824446,13140000.0,-0.16953123450536556,-1.1364531343810422,-0.0147470200648394,3,CannaCoin
CRYPT,X11,PoW,4996986.20575291,18000000.0,-0.21878352815578309,-0.9198994582454899,0.009936505046102117,3,CryptCoin
CSC,Scrypt,PoC,39999997299.8568,40000000000.0,0.6414795151563417,0.619622438340926,-0.15611012248958483,0,CasinoCoin
DMD,Groestl,PoW/PoS,3304487.74735637,4380000.0,-0.35947810846125644,0.8172994247263876,-0.4797709286320371,0,Diamond
XVG,Multiple,PoW,15929530669.1206,16555000000.0,0.1822603036889831,-1.7596505841803205,0.34803159420756463,3,Verge
DVC,SHA-256,PoW,18773857500.0,21000000000.0,0.23558888404997294,-1.3039449342297793,0.15336379653581217,3,DevCoin
EAC,Scrypt,PoW,12539015186.822,13500000000.0,0.07943823416835329,-1.136612969939127,-0.019162304053863797,3,EarthCoin
EFL,Scrypt,PoW,20910478.8062499,21000000.0,-0.16927726512451033,-1.1364489441368666,-0.014752096028724819,3,E-Gulden
EMC2,Scrypt,PoW,218871896.499999,299792458.0,-0.16487849288472098,-1.1364816681538294,-0.014826176120771962,3,Einsteinium
EMD,Scrypt,PoW,19496786.31025,32000000.0,-0.16921652708080573,-1.136454673964389,-0.014752425411733008,3,Emerald
EXCL,PoS,PoS,5679705.0,0.0,-0.3651826343183976,1.8101385759170918,0.013057624202829897,0,Exclusive Coin
FLT,Scrypt,PoS/PoW/PoT,461829905.32893,0.0,-0.29089623666067255,0.24642795065922626,-0.24155421958212384,0,FlutterCoin
FRK,Scrypt,PoW,1142732.14912776,11235813.0,-0.16958829638880735,-1.1364539738352812,-0.014745893000317726,3,Franko
FTC,NeoScrypt,PoW,208669093.00773,336000000.0,-0.17293779466472733,-1.6449971605032505,0.19655091702857716,3,FeatherCoin
GDC,Scrypt,PoW,884125802.0,1420609614.0,-0.14879162438470958,-1.1366760708902084,-0.015087277519320898,3,GrandCoin
GLC,Scrypt,PoW,65672720.4708748,70000000.0,-0.16838222071911088,-1.136449898723508,-0.014767919031758942,3,GlobalCoin
GLD,Scrypt,PoW,41658647.9999715,72245700.0,-0.16865999483361369,-1.1364624848655722,-0.01476131570313623,3,GoldCoin
HBN,Scrypt,PoW/PoS,89266933.684704,120000000.0,-0.32912487815359964,0.926754722228099,-0.608994844825401,0,HoboNickels
HYP,X11,PoS,1678520090.7713,0.0,-0.3244200122539816,1.1191744715422698,-0.18560587388287209,0,HyperStake
IFC,Scrypt,PoW,90595753018.6314,90600000000.0,1.5810172955402109,-1.1344460699562546,-0.04620305675738547,3,Infinite Coin
IOC,X11,PoW/PoS,17650913.9743456,22000000.0,-0.37998629040623644,1.1433210148043877,-0.5842843052485475,0,IOCoin
IXC,SHA-256,PoW,21089348.999,21000000.0,-0.14258066242568043,-1.303338050467167,0.16002250338499785,3,IXcoin
KGC,Scrypt,PoW,151447649.8,265420800.0,-0.16594693902249927,-1.1364983333956942,-0.014804948145714095,3,KrugerCoin
LKY,Scrypt,PoW,19326319.14375,20000000.0,-0.16930373364951284,-1.1364492473606083,-0.014751584554053754,3,LuckyCoin
LTB,Scrypt,PoW,1104344.22938102,1350000.0,-0.16965889063573414,-1.136449454199626,-0.014745228977747002,3,Litebar 
MAX,SHA3,PoW/PoS,61445805.0,100000000.0,-0.46004712554243027,2.835614039674664,-0.42687455562398674,0,MaxCoin
MEC,Scrypt,PoW,38151999.9930997,42000000.0,-0.1689174299093111,-1.1364502878523906,-0.014758331225901302,3,MegaCoin
MED,HybridScryptHash256,PoW,40431856.9,200000000.0,-0.17001600973158756,-2.1292290305223753,0.39184508609425617,3,MediterraneanCoin
MINT,Scrypt,PoS,21293925445.4969,0.0,-0.035223597374780986,0.9120573739678566,-0.21580480635079513,0,MintCoin
MINC,Scrypt,PoW,5804204.88794916,10000000.0,-0.16954005048852355,-1.136451163494389,-0.014747121945487907,3,MinCoin
MZC,SHA-256,PoW/PoS,1613836099.99999,2419200000.0,-0.26747491960222564,0.7595436783877779,-0.4348007633753031,0,MazaCoin
NAUT,Scrypt,PoS,16180000.0,16180000.0,-0.2953461246080466,0.9018113823477485,-0.2098234935191919,0,Nautilus Coin
NAV,X13,PoW/PoS,66087096.2077108,0.0,-0.26767705094608785,1.6754291417116949,-0.7030092744201643,0,NavCoin
NOBL,Scrypt,PoW,2366066305.76482,15000000000.0,-0.03434172881226906,-1.1421966345305459,-0.016401226919345927,3,NobleCoin
NMC,SHA-256,PoW,14736400.0,21000000.0,-0.1426583621188345,-1.3033411074205474,0.16002428955955347,3,Namecoin
NYAN,Scrypt,PoW,334709223.483138,337000000.0,-0.16319781468086628,-1.1364430090103517,-0.014861203148663621,3,NyanCoin
OPAL,X13,PoW/PoS,15156364.3306548,0.0,-0.2682999588648479,1.6754046345303832,-0.702994954900616,0,OpalCoin
ORB,NeoScrypt,PoW/PoS,3220616.279225,3770000.0,-0.3391930949680313,0.4182727118409687,-0.39758635507177154,0,Orbitcoin
POT,Scrypt,PoW/PoS,222677226.014206,420000000.0,-0.32536516283045347,0.9266812017044938,-0.6090521772729962,0,PotCoin
PXC,Scrypt,PoW/PoS,73959274.625,98000000.0,-0.32946815475575775,0.926757455544521,-0.6089890872691608,0,PhoenixCoin
RDD,Scrypt,PoW/PoS,29315567169.0888,0.0,0.02747594208060326,0.940873110049496,-0.6172040874034506,0,Reddcoin
RPC,Scrypt,PoW,1104157.42169891,21000000.0,-0.16951950618363593,-1.1364584746716029,-0.014746527347580978,3,RonPaulCoin
SBC,Scrypt,PoW,24215181.725,250000000.0,-0.1676124417528442,-1.1365524769862816,-0.014768156909744905,3,StableCoin
SMC,Scrypt,PoW,25593737.1355044,51200000.0,-0.16900576369714562,-1.1364605540023294,-0.014755408298164891,3,SmartCoin
SUPER,X11,PoS,50707661.7493518,0.0,-0.344328959463726,1.1183911901545942,-0.18514820341478003,0,SuperCoin
SYNC,X11,PoW/PoS,1177.0,1000.0,-0.38035820468057935,1.1433226206854505,-0.5842778892673467,0,SyncCoin
SYS,SHA-256,PoW,563336541.299966,888000000.0,-0.12979867161633846,-1.3034751269690514,0.15981275775179027,3,SysCoin
TES,Multiple,PoS,80260463.7331396,100000000.0,-0.2542839765812614,0.278537060113825,0.15850198250173492,0,TeslaCoin
TGC,SHA-256,PoW,43536800.0,47011968.0,-0.14212160386877032,-1.3033391899160314,0.16001447332728003,3,TigerCoin
TIT,PHI1612,PoS,1622326490.46336,2300000000.0,-0.3179861590854848,1.673461380207246,-0.20640322217901533,0,TittieCoin
TOR,X11,PoW/PoS,1431851.00002479,10000000.0,-0.38026977920072824,1.1433187190403022,-0.5842789522196715,0,TorCoin
TRC,SHA-256,PoW,22935396.0,42000000.0,-0.14240912143736545,-1.3033468022772403,0.1600205967294591,3,TerraCoin
UNB,SHA-256,PoW,2278150.0,80000000.0,-0.14239221776406064,-1.3033741862613204,0.16002389370981357,3,UnbreakableCoin
UNO,SHA-256,PoW,200911.79151896,250000.0,-0.14298332785065634,-1.303338576361579,0.16002974741789738,3,Unobtanium
URO,X11,PoW,1207310.0,0.0,-0.2189575602680794,-0.9198930188411475,0.009938759933709644,3,UroCoin
USDE,Scrypt,PoW/PoS,1098952592.6,1600000000.0,-0.30627758611435696,0.9265611716154015,-0.6093765194346032,0,UnitaryStatus Dollar
UTC,Scrypt,PoW/PoS,50235211.141939,100000000.0,-0.32974412478381915,0.9267451217400758,-0.6089825492432899,0,UltraCoin
VIA,Scrypt,PoW,23150892.1679687,23000000.0,-0.16923567682114762,-1.1364487841852189,-0.014752858091033556,3,ViaCoin
VRC,Scrypt,PoST,32021108.4136696,0.0,-0.2967937191674374,0.3124222676735774,-0.2819101071798436,0,VeriCoin
VTC,Lyra2REv2,PoW,51173723.8166347,84000000.0,-0.18613958158407093,-1.1701539823132607,0.21616226069951647,3,Vertcoin
WDC,Scrypt,PoW,119606941.0,265420800.0,-0.16633636656299355,-1.1365136547153551,-0.014795995915198487,3,WorldCoin
XC,X11,PoW/PoS,6950831.0970606,5500000.0,-0.3802341999844805,1.1433234404354504,-0.5842802065696017,0,X11 Coin
XCR,Multiple,PoS,100000000.0,0.0,-0.25475189959830996,0.2785924637648176,0.15850304034503868,0,Crypti
XJO,SHA-256,PoW,39195739.362088,45000000.0,-0.14218896901693123,-1.3033403551768779,0.16001582679158546,3,JouleCoin
XST,X13,PoW/PoS,33093725.4123502,0.0,-0.268080576110121,1.6754132657466267,-0.7029999981109367,0,StealthCoin
ZCC,Scrypt,PoW/PoS,147990237.978331,1000000000.0,-0.3221644073391521,0.926379012869448,-0.6090695034561316,0,ZCC Coin
BCN,CryptoNight,PoW,184066828814.0,184467440735.0,3.8582824058119862,-2.2595099128672427,0.3178939782189371,3,ByteCoin
XDN,CryptoNight,PoW,6906587610.38292,10000000000.0,0.4539454455876894,-2.2646673127526675,0.3792321453094764,3,DigitalNote 
BURST,Shabal256,PoC,1813033920.0,2158812800.0,-0.053496994421835954,1.373469885907245,0.23170615264156508,0,BurstCoin
SJCX,Counterparty,PoS,51173144.0,500000000.0,-0.35734433659500914,1.7930683355363222,-0.049550686870646794,0,StorjCoin
MONA,Scrypt,PoW,68194674.8711679,105120000.0,-0.168102253217326,-1.1364648071176893,-0.014770948737159553,3,MonaCoin
NTRN,SHA-256,PoW/PoS,39121694.0,68000000.0,-0.30341262466378094,0.7598652713460359,-0.4342026604193785,0,Neutron
FAIR,Groestl,PoW/PoS,53193831.0,0.0,-0.35889900664798585,0.8173254414555913,-0.47978466593879954,0,FairCoin
NLG,Scrypt,PoW,415032420.0,1680000000.0,-0.1526888887332656,-1.1370208661105676,-0.01497252860538201,3,Gulden
RBY,Scrypt,PoS,27184490.3918338,0.0,-0.29532630666106846,0.9018241050299466,-0.20982551837253088,0,RubyCoin
PTC,Scrypt,PoW,137517654.41397,166386000.0,-0.1668198103639062,-1.1364595741467514,-0.014794487663964568,3,PesetaCoin
KORE,X13,PoW/PoS,2022464.886973,12000000.0,-0.2683754712481397,1.6753928060448167,-0.702992055145688,0,Kore
WBB,Scrypt,PoW,181919.2435974,2628000.0,-0.16966110688932465,-1.136450484727214,-0.014745054078738103,3,Wild Beast Coin
NOTE,Scrypt,PoS,174646113.934655,500000000.0,-0.28997604211854683,0.9016655353127121,-0.2099000169416016,0,Dnotes
FLO,Scrypt,PoW,152270664.860648,160000000.0,-0.16668467270087764,-1.1364495436876723,-0.014798213601832456,3,Flo
8BIT,Scrypt,PoW/PoS,1467841.0,0.0,-0.3310499209850743,0.926767560791609,-0.6089622302201568,0,8BIT Coin
STV,X13,PoW/PoS,7096834.0,10000000.0,-0.26832759616152935,1.6753961658678462,-0.7029933496839188,0,Sativa Coin
ABY,Scrypt,PoW,792537250.0,1000000000.0,-0.15289538023292132,-1.1365270601615074,-0.015033733958140116,3,ArtByte
FLDC,Stanford Folding,PoW,719416990.0,1000000000.0,-0.13912093294163255,-2.152154880064992,0.3620409480673204,3,Folding Coin
U,X11,PoS,2689812.0,20000000.0,-0.3447743719480926,1.118358903562407,-0.18513602442120453,0,Ucoin
UIS,Multiple,PoW,65113302.0,0.0,-0.12920176822452648,-1.7596847133378244,0.3535858949659916,3,Unitus
CYP,QuBit,PoW,6365285.0,0.0,-0.190871883061825,-1.537039591592673,0.2066956337353785,3,CypherPunkCoin
OMC,Scrypt,PoW,10140044.4430293,3371337.0,-0.1695340412761342,-1.1364460342423919,-0.014747902990783768,3,OmniCron
VTR,Scrypt,PoW/PoS,11604722.0,20000000.0,-0.3307840724888491,0.9267632574715666,-0.6089664018222453,0,Vtorrent
GRE,Scrypt,PoW,4610340640.89,10000000000.0,-0.04236051213646208,-1.138821457369736,-0.016701832451475558,3,GreenCoin
XCN,M7 POW,PoW,708506520.0,1840000000.0,-0.1200078423580099,-2.2585843199922855,0.3938487025902054,3,Cryptonite
MSC,Scrypt,PoW,619478.0,619478.0,-0.16967000272616894,-1.136449352162749,-0.014745044383280795,3,MasterCoin
SOON,SHA-256,PoW,12462620.0,21000000.0,-0.14268617156738,-1.303342201532818,0.16002492884817077,3,SoonCoin
1CR,Scrypt,PoW,88213.0,92000000000.0,0.48291858579967223,-1.1786821555932085,-0.020823981652516147,3,1Credit
ISL,X11,PoW/PoS,1513704.0,0.0,-0.38033971282438206,1.1433233489520973,-0.5842783144584596,0,IslaCoin
NXS,SHA3,PoW/nPoS,63657220.0,78000000.0,-0.539023933370169,4.410506654123639,0.1495164189863939,0,Nexus
MARS,X11,PoW,32221574.820996,33000000.0,-0.2183441559479872,-0.9198932439284605,0.009927859506876396,3,MarsCoin 
CTO,Lyra2RE,PoW,13742738.0,65789100.0,-0.1534693903917127,-2.1422293612796297,0.3965525895377444,3,Crypto
ACP,SHA-256,PoW,14747200.0002,53760000.0,-0.14242584786670995,-1.303356140784404,0.1600221218250253,3,Anarchists Prime
DRZ,QUAIT,PoW/PoS,8568038.35935056,5060000.0,-0.40675070399698443,1.7883011128555304,-0.7431482602508301,0,Droidz
BSC,X11,PoW,15863837.5,21000000.0,-0.218629340797994,-0.9198956064207712,0.009933251524982303,3,BowsCoin
SQL,X11,PoS/PoW,329200.01639,0.0,-0.33910277701959884,0.4530685200563935,-0.2590781002960402,0,Squall Coin
SONG,Scrypt,PoW,32565300.0,210240000.0,-0.16779235216754432,-1.1365302070936436,-0.014767877361592543,3,Song Coin
ZNY,Scrypt,PoW,75614500.0,250000000.0,-0.16698380279180083,-1.1365277443275144,-0.01478260817552651,3,BitZeny
DIGS,Scrypt,PoS,100000000.0,100000000.0,-0.29372638987774274,0.9018132376188035,-0.20985259869263512,0,Diggits
EXP,Ethash,PoW,10495278.0,16906397.0,-0.15310913414292115,-1.9352295667663892,0.32978789315148227,3,Expanse
CON,X13,PoW/PoS,23042604.0,50000000.0,-0.26784883264145937,1.6753854766563794,-0.703000476043888,0,Paycon
SC,Blake2b,PoW,33098296530.0,0.0,0.3632008599007111,-2.1118202709269074,0.3758108247587765,3,Siacoin
EMC,SHA-256,PoW/PoS,43059794.804778,1000000000.0,-0.29675334327717834,0.7594393293550917,-0.43426535184843884,0,Emercoin
EGC,X15,PoW/PoS,13530556.4180753,26298000.0,-0.24396163615190783,1.6726336268775948,-0.6983697902640471,0,EverGreenCoin
MND,X11,PoW,15867695.0,16000000.0,-0.218664760981936,-0.9198933093019768,0.009933580827788084,3,MindCoin
I0C,SHA-256,PoW,20997476.8650231,21000000.0,-0.1425817860670981,-1.303338094674799,0.16002252921546947,3,I0coin
DCR,BLAKE256,PoW/PoS,10365046.9281661,21000000.0,-0.06783725537488669,0.8263940571987254,-0.5807306182864768,0,Decred
RVR,Scrypt,PoW,210000000.0,210000000.0,-0.16562394088731747,-1.1364447177363355,-0.014817748468325414,3,Revolution VR
HODL,1GB AES Pattern Search,PoW,11448949.0,81962100.0,-0.14403040905101,-2.18325212949346,0.4580078213456264,3,HOdlcoin
EDRC,SHA-256,PoW/PoS,3669691.84494672,22000000.0,-0.30417251983967614,0.759869328736798,-0.43418965328553855,0,EDRCoin
HTC,X11,PoW/PoS,10996318099.0,26550000000.0,-0.057536145595759786,1.136426056047687,-0.5891239349608731,0,Hitcoin
GAME,Scrypt,PoW,69836100.0,84000000.0,-0.16823199192168695,-1.1364543220967571,-0.014770014678687396,3,Gamecredits
DBIC,SHA-256,PoW/PoS,5129014.0,10500000.0,-0.30423624654649833,0.759875310046959,-0.43418930369288095,0,DubaiCoin
DIEM,SHA-256,PoW,21739971929.0,21626280000.0,0.276308423454528,-1.3028051753829022,0.15248847041361493,3,CarpeDiemCoin
PWR,NIST5,PoW/PoS,10069449031.9252,0.0,-0.2287766756566137,1.42979325134531,-0.6779480274513329,0,PWR Coin
BLRY,Scrypt,PoW/PoS,8998743.2411911,42000000.0,-0.3306598884942326,0.9267519043542148,-0.6089671228381207,0,BillaryCoin
GPU,Scrypt,PoS,40477042.0,221052632.0,-0.29359570142120595,0.9017290264579575,-0.20984386226272636,0,GPU Coin
ADZ,X11,PoW,45110324.0,84000000.0,-0.21782475309846705,-0.9199104537148775,0.009920865796765679,3,Adzcoin
SOIL,Dagger,PoW,5702048.0,30000000.0,-0.15079099334438292,-2.21304969351321,0.4295771575546184,3,SoilCoin
YOC,Scrypt,PoW,636462.55983338,168351300.0,-0.16847999391093413,-1.136526341706175,-0.014756132453645349,3,YoCoin
SIB,X11GOST,PoW,17263355.0,24000000.0,-0.15962946988347138,-2.0321316963255778,0.37655385317546297,3,SibCoin
ERC,X11,PoW/PoS,10407269.7881868,384000000.0,-0.3775070466539708,1.1431513522469734,-0.5843061886944635,0,EuropeCoin
ZEIT,Scrypt,PoS,36971236046.8073,99000000000.0,0.8587714162896554,0.874154884569627,-0.22675425808845218,0,ZeitCoin
SWING,SHA-256,PoW/PoS,4377081.60953993,40000000.0,-0.3040361856076443,0.759861406177789,-0.4341910415674776,0,SwingCoin
SAFEX,Scrypt,PoC,2147483647.0,2147483647.0,-0.0899811457631211,0.6187846124158448,-0.14296643375083998,0,SafeExchangeCoin
NEBU,PoS,PoS,20000000.0,20000000.0,-0.36486562060989247,1.810136285599447,0.013052276405617373,0,Nebuchadnezzar
FRN,Scrypt,PoW,6570807.65677618,20000000.0,-0.1694597398332106,-1.1364553851407109,-0.014747998255774416,3,Francs
BOLI,X11,PoW,13654082.4987998,25000000.0,-0.2186279932988388,-0.9198985059351708,0.00993360850264402,3,BolivarCoin
XRA,X11,PoW/PoS,134554941.15119,75000000.0,-0.37818054256566985,1.143352937661915,-0.5843206757121361,0,Ratecoin
REV,SHA-256,PoW/PoS,1195525.0,222725000.0,-0.3027789428276932,0.7597759948832917,-0.4342022210576945,0,Revenu
CKC,SHA-256,PoW/PoS,16662820.0,525000000.0,-0.30044559076276656,0.7596446774354958,-0.43422654336057287,0,Clockcoin
VIP,NIST5,PoW/PoS,83450403.0,90000000.0,-0.3502719414220128,1.424946808752143,-0.6751463434061654,0,VIP Tokens
BSD,X11,PoW/PoS,24387724.5010828,139000000.0,-0.379073959601926,1.1432705473215046,-0.5842939304127781,0,BitSend
OMNI,Scrypt,PoW,616448.0,616448.0,-0.16967006127778245,-1.1364493522298147,-0.014745043331161176,3,Omni
LIR,POS 3.0,PoS,38589808.6658096,33500000.0,-0.35403701883283484,1.790249326886809,0.03396480425781384,0,Let it Ride
PUT,Scrypt,PoW/PoS,813092338.575672,2000000000.0,-0.30693640867510086,0.926239998506946,-0.60932257888127,0,PutinCoin
IBANK,Scrypt,PoW/PoS,4526324.0,44333333.0,-0.33069803694912664,0.9267486811639903,-0.608966019567968,0,iBankCoin
FRWC,Scrypt,PoW/PoS,100000000.0,100000000.0,-0.3291354769220537,0.9267690678853315,-0.6089965409500772,0,Frankywillcoin
MUDRA,X13,PoS,5000000.0,200000000.0,-0.23159639463259576,1.650352106653603,-0.3038613726074085,0,MudraCoin
PIZZA,X11,PoW,1377917.0,25000000.0,-0.2187781368451689,-0.9199044130604488,0.009937060029558324,3,PizzaCoin
LC,X11,PoS,657000000.0,657000000.0,-0.3322532942454118,1.1183813323431522,-0.18536207950424652,0,Lutetium Coin
KMD,Equihash,dPoW/PoW,115898131.0,200000000.0,-0.2805740575145129,-1.6336580685342015,0.9002588715040357,3,Komodo
GB,X11,PoW/PoS,15563873.0,50000000.0,-0.3798131987114181,1.1433071570777587,-0.5842855686321305,0,GoldBlocks
CTC,Scrypt,PoW/PoS,43165500.0,90000000.0,-0.3299015255569001,0.9267463104156538,-0.6089799007714766,0,CarterCoin
KRB,CryptoNight,PoW,7822432.72439746,10000000.0,0.2987063605149032,-2.263400970807143,0.3818318937346884,3,Karbo
BXT,SHA-256,PoW/PoS,595429.0,21000000.0,-0.304217213060023,0.7598683084955011,-0.43418872285828486,0,BitTokens
ZYD,SHA-256,PoW,6243840.0,9736000.0,-0.14284213118315314,-1.3033400231582608,0.16002742159686822,3,ZayedCoin
MST,X11,PoW/PoS,657636.34549789,3000000.0,-0.3803289025353104,1.1433215598663167,-0.5842782720016725,0,MustangCoin
ZNE,Scrypt,PoW/PoS,2581970.0,21000000.0,-0.33088733171415863,0.9267584567924639,-0.6089639310920022,0,ZoneCoin
COVAL,Multiple,PoW,1000000000.0,1200000000.0,-0.10925547662470714,-1.7597857214951615,0.35324375228288557,3,Circuits of Value
ROOT,Scrypt,PoW/PoS,1939889.0,0.0,-0.3310441476056941,0.9267677879347404,-0.6089623629396429,0,RootCoin
DOPE,Scrypt,PoW,116845228.0,200000000.0,-0.16683420432541732,-1.1364849520310738,-0.01479089659973471,3,DopeCoin
BTCR,Scrypt,PoS,169598616.0,0.0,-0.2935845118092142,0.9018926327865493,-0.2098655590666354,0,BitCurrency
DLC,SHA-256,PoW,9106714.0,10638298.0,-0.14280071639888603,-1.303339059784076,0.1600265570589185,3,DollarCoin
SCN,Scrypt,PoW/PoW,665200057.0,3100000000.0,-0.2719333511557084,0.12153487055861674,-0.37001593341540745,0,Swiscoin
SH,Scrypt,PoW,11119200.0,30000000.0,-0.169333176030021,-1.1364577870408918,-0.014749937841764075,3,Shilling
BUZZ,SHA-256D,PoW/PoS,19577787259.0,20000000000.0,0.04425460398842743,1.8311622865141302,-0.78665724586046,0,BuzzCoin
XPO,PoS,PoS,74033806.7949683,74000000.0,-0.3638217130364558,1.810137497102289,0.013033516252004593,0,Opair
PSB,Scrypt,PoW/PoS,33522957.0,0.0,-0.33065787113899364,0.9267829852811235,-0.6089712427327062,0,PesoBit
HALLO,X11,PoW/PoS,264678458.288619,1500000000.0,-0.36648086943108266,1.1427614014974292,-0.584451421218472,0,Halloween Coin
XZC,Lyra2Z,PoW,7568281.24956067,21400000.0,-0.15352522366672183,-2.214297627708095,0.4125991290885705,3,ZCoin
CFC,PoS,PoS,148716816.0,39999898.0,-0.363149481867579,1.8101890413917456,0.013014765259967443,0,CoffeeCoin
ROYAL,X13,PoS,2500124.0,2500124.0,-0.23302792930800859,1.6504415665634633,-0.30384761945752925,0,RoyalCoin
GNJ,X14,PoW/PoS,100000000.0,100000000.0,-0.4028025933200617,1.7315711110376495,-0.7596498654063211,0,GanjaCoin V2
TEAM,PoS,PoS,17818682.1654,301000000.0,-0.3628990333963545,1.8100062422196075,0.013034321927788823,0,TeamUP
LANA,SHA-256D,PoW/PoS,1082162635.53683,7506000000.0,-0.27058183545795833,1.8279978436120263,-0.7806315040158037,0,LanaCoin
ELE,Ethash,PoW,26205539.0,26205539.0,-0.15285102670926057,-1.935226275995271,0.32978286164159404,3,Elementrem
ZCL,Equihash,PoW,5613550.0,21000000.0,-0.1561760801835892,-2.0643584741072636,0.49038258466998275,3,ZClassic
ARK,DPoS,DPoS,108202084.0,125000000.0,3.7226468759556894,1.7816131463594511,0.2836863326275462,0,ARK
INSANE,X11,PoW/PoS,18342813.0,30000000.0,-0.3799210803596976,1.1433176753166794,-0.5842850284004244,0,InsaneCoin
KLC,Scrypt,PoW,196297971.0,10000000000.0,-0.09634642656347084,-1.1409454351733752,-0.015460794516827562,3,KiloCoin
ATX,X11,PoW,824000000.0,500000000.0,-0.20534766438752047,-0.919726628356921,0.00967438747020747,3,ArtexCoin
EMB,X13,PoW/PoS,92192822723.0,850000000.0,0.8651077219037748,1.7193690898013394,-0.7289674947517302,0,EmberCoin
XEN,X11,PoW/PoS,3853326.77707314,3853326.77707314,-0.380283764618303,1.1433227058676438,-0.5842792268773171,0,XenixCoin
FRE,PoS,PoS,50000000.0,50000000.0,-0.3642859016656178,1.8101369496191522,0.013041859378614884,0,FreeCoin
PLNC,Scrypt,PoW/PoS,17089600.0,38540000.0,-0.33058547674902633,0.9267573858871031,-0.6089691690091323,0,PLNCoin
ARCO,Scrypt,PoW/PoS,2449577.41533168,42000000.0,-0.33073998801575627,0.9267487529839435,-0.6089652814958778,0,AquariusCoin
KURT,X11,PoW,61364813.0,228000000.0,-0.21660449264131063,-0.9199687358373736,0.009906780581107508,3,Kurrent
XCRE,PoS,PoS,20000000.0,20000000.0,-0.36486562060989247,1.810136285599447,0.013052276405617373,0,Creatio
ENT,X11,PoW/PoS,6069482.07721352,60000000.0,-0.37985838505937386,1.1432979979796554,-0.5842835599946785,0,Eternity
EUC,SHA-256,PoW/PoS,12416554.0,20000000.0,-0.30407972835557534,0.7598744557139514,-0.4341919803700134,0,Eurocoin
BCF,Scrypt,PoW/PoS,20244023.640728,33000000.0,-0.33058619443358234,0.9267614469041977,-0.6089696898274582,0,BitcoinFast
XSN,X11,TPoS,75590369.0,76500000.0,-0.3405848391644244,0.7954992727704343,-0.37852852162796047,0,Stakenet
BCCOIN,Scrypt,PoW/PoS,11080722.3769581,28000000.0,-0.33073373348124435,0.9267593329098262,-0.6089667831159978,0,BitConnect Coin
MONEY,Scrypt,PoW/PoS,10914418.0,650659833.0,-0.3263189469929436,0.9264734193187562,-0.6090078801470773,0,MoneyCoin
XNG,X11,PoW/PoS,814671.0,5000000.0,-0.3803127949789678,1.1433207173242275,-0.5842784483079744,0,Enigma
XCI,CryptoNight,PoW,978145.0,21000000.0,0.29870067970604725,-2.2634093137638525,0.3818330912002386,3,Cannabis Industry Coin
RC,Scrypt,PoW/PoS,8377873.0,144000000.0,-0.3299439478363324,0.9267047822424268,-0.608973688178563,0,Russiacoin
PND,Scrypt,PoS,33813143821.8337,32514916898.0,0.3485362778116868,0.9031553983578144,-0.22147317278765652,0,PandaCoin
UNITS,Scrypt,PoW/PoS,3472983.0,13000000.0,-0.3309331819675206,0.9267625579560917,-0.6089636529865413,0,GameUnits
GAKH,Scrypt,PoW/PoS,3315789.0,3315789.0,-0.3310037992130192,0.9267669278779566,-0.608962968882189,0,GAKHcoin
ASAFE2,Quark,PoS,10517772.7391666,15000000.0,-0.3561956407181028,1.661996830006505,-0.11591068020278185,0,Allsafe
LTCR,QuBit,PoW/PoS,30227750.0,78835200.0,-0.3514067179434423,0.5261519215667496,-0.3875332728362337,0,LiteCreed
OS76,Scrypt,PoW,894026.0,2714286.0,-0.1696517854058198,-1.1364501816808525,-0.014745259993927291,3,OsmiumCoin
BIC,CryptoNight,PoW,9357088.0,25000000.0,0.2988315321934722,-2.2634071181395763,0.38183047109388013,3,Bikercoins
HXX,Lyra2RE,PoW,1876146.443596,9999999.0,-0.15401026310719168,-2.1422094611958498,0.39655961231302483,3,HexxCoin
KED,Scrypt,PoW/PoS,23965372.0,500000000.0,-0.32722802880118085,0.926548860038347,-0.6090015942898779,0,Klingon Empire Darsek
IOP,SHA-256,PoW/PoS,2526078.47525448,21000000.0,-0.30419360026668263,0.7598692374979915,-0.4341892656734356,0,Internet of People
KUSH,X11,PoW/PoS,5659096.95728771,9354000.0,-0.3802226602853454,1.1433210496819772,-0.5842800980523997,0,KushCoin
PRX,Scrypt,PoW/PoS,11821728.0,20000000.0,-0.33078141839865954,0.926763361891927,-0.608966462834949,0,Printerium
PAC,X11,PoW,536982074.0,100000000000.0,0.4969424901154425,-0.9655404636045114,0.003180375876734902,3,PacCoin
IMPCH,Scrypt,PoW/PoS,308179.0,21933333.0,-0.33090852072516524,0.9267569342260311,-0.6089633534725792,0,Impeach
CTL,CryptoNight-V7,PoW,10969318.522954,185000000.0,-0.1543021290209721,-2.186802256795688,0.3795771115967773,3,Citadel
ZBC,Scrypt,PoS,2922613.96424908,55000000.0,-0.2952329003576544,0.9017871826534175,-0.20982233124301622,0,Zilbercoin
FRST,Scrypt,PoW/PoS ,110000000.0,110000000.0,-0.2886983441139381,0.3033667678051002,-0.3366180250383067,0,FirstCoin
BVC,Scrypt,PoW,3115258.0,3360000.0,-0.16962003829060338,-1.1364494092706117,-0.014745927175468878,3,BeaverCoin
FIND,X13,PoS,14524851.4827,14524851.4827,-0.23279556389729314,1.6504418327186625,-0.3038517948545584,0,FindCoin
VLTC,X11,PoW,30385540.0,1000000000.0,-0.21150722354063461,-0.9203380311939199,0.009864478803502922,3,VaultCoin
ZER,Equihash,PoW,6921653.89980891,17000000.0,-0.15618845531950362,-2.064356008455214,0.490382481197623,3,Zero
CHAT,Scrypt,PoW/PoS,1000000000.0,1000000000.0,-0.31174390859380935,0.9267889884764721,-0.6093090517601326,0,OpenChat
CDN,Scrypt,PoW,99843408.3158479,100000000.0,-0.16775149220969607,-1.1364472278250597,-0.014779508675841345,3,Canada eCoin
ZOI,Lyra2RE,PoW,18545757.5,21000000.0,-0.15372835735341756,-2.1422064895820383,0.3965541986869176,3,Zoin
RNS,Scrypt,PoS,36050365.0,34426423.0,-0.29497366976214373,0.9018125676328852,-0.2098302858841656,0,RenosCoin
DBIX,Dagger-Hashimoto,PoW,2232901.0,2232901.0,-0.1525890855931859,-2.0897147287391786,0.4409534572867863,3,DubaiCoin
XVP,X11,PoW/PoS,13162749.0858027,100000000.0,-0.37948789200805555,1.1432830490631356,-0.584288197413591,0,VirtacoinPlus
TAJ,Blake2S,PoW/PoS,12184195.9258495,36900000.0,-0.40838996915428993,1.6952072094454596,-0.7984531374399582,0,TajCoin
IMX,X11,PoW/PoS,110630387.850471,110000000.0,-0.378224880086648,1.143325358651196,-0.5843162618738266,0,Impact
EB3,Scrypt,PoW,64096052.0,4000000000.0,-0.14052415678091543,-1.138254733812632,-0.015027160212022272,3,EB3coin
ATMOS,PoS,PoS,111135836.889,110290030.0,-0.3631105146129992,1.8101386910689505,0.013020686811942375,0,Atmos
HPC,X11,PoW/PoS,21521322.0099142,100000000.0,-0.37938566254713746,1.1432870710957008,-0.5842905474828707,0,HappyCoin
CXT,NIST5,PoW,10123200.0,48252000.0,-0.19007900759498508,-0.6382855311448592,-0.08090598011757218,3,Coinonat
MCRN,PoS,PoS,401421401.0,400000000.0,-0.35750512954857355,1.8101453804746983,0.01291992776042772,0,MacronCoin
RAIN,X11,PoW/PoS,121665451.643876,500000000.0,-0.37532346150591683,1.14315163809089,-0.5843451346713121,0,Condensate
IMS,Scrypt,PoW/PoS,5368934.0,21212121.0,-0.33085174109820176,0.9267597004672747,-0.60896472868219,0,Independent Money System
ARGUS,Scrypt,PoW/PoS,1148324.0,28600000.0,-0.3308509555185136,0.9267542781421645,-0.6089640302015374,0,ArgusCoin
LMC,Scrypt,PoW/PoS,500000.0,1000000000.0,-0.3239682855437357,0.9263080425560309,-0.609028035578721,0,LomoCoin
PROC,SHA-256,PoS,100545745.0,75000000000.0,0.2642757986044351,0.7005412738104321,-0.04002730520114687,0,ProCurrency
XGR,X11,PoW/PoS,17171382.0,40000000.0,-0.37986447281126984,1.1433125211146453,-0.5842853598194161,0,GoldReserve
BENJI,Scrypt,PoW,20276099.146524,35520400.0,-0.16918202384025616,-1.1364559150180662,-0.014752877139943063,3,BenjiRolls
GRW,Scrypt,PoS,295135466.361878,2000000000.0,-0.2778621891142778,0.901034934378832,-0.21003300954792473,0,GrowthCoin
ILC,SHA-256,PoW,1317747500.0,2500000000.0,-0.1091371764209872,-1.3038521072578884,0.15949413312364208,3,ILCoin
PHR,PoS,PoS,11390225.9742772,30000000.0,-0.3648999876577923,1.8101275521670652,0.013054036327048203,0,Phreak
DEA,Scrypt,PoW/PoS,21358764.0,105000000.0,-0.3300618305821718,0.9267289315205299,-0.6089747608223454,0,Degas Coin
HTML5,X15,PoW/PoS,40659020000.0,90000000000.0,0.8913786963308713,1.6508890332850128,-0.7157427792950618,0,HTML5 Coin
USC,SHA-256,PoS,10343113.0,200084200.0,-0.26741857817447523,0.734834959629118,-0.03505935465959041,0,Ultimate Secure Cash
EQT,Scrypt,PoW,13673406.4325268,72000000.0,-0.16900401097842926,-1.1364758381971922,-0.014753431228059846,3,EquiTrader
QTUM,POS 3.0,PoS,100000000.0,100000000.0,-0.3528142260381918,1.790248349649866,0.03394314421540547,0,QTUM
QRL,CryptoNight-V7,PoW,69036016.8340164,105000000.0,-0.15415942252948064,-2.186737591681683,0.379566071949917,3,Quantum Resistant Ledger
ESP,536,PoW/PoS,22801882871.0,50000000000.0,0.5986285122339704,1.815673767431794,-0.8294279964131385,0,Espers
DYN,Argon2d,PoW,19784224.6512734,0.0,-0.15393028513109244,-2.2056986432760213,0.42126296640469,3,Dynamic
NANO,Blake2b,PoW,133248297.0,340282367.0,-0.03756412160351979,-2.1278388150393273,0.3850566859072159,3,Nano
CHAN,Cloverhash,PoW,18407259.0885883,30000000.0,-0.16131000219785033,-2.2508203133450415,0.40771782804604256,3,ChanCoin
DCY,CryptoNight,PoW,1809467143.0,2000000000.0,0.3348573725840782,-2.2634475581919324,0.3811938549731809,3,Dinastycoin
DNR,NIST5,PoW/PoS,4171382.0,10000000.0,-0.3518090406787125,1.424945384958302,-0.6751187673756133,0,Denarius
DP,X11,PoW,35138975.0,100000000.0,-0.21783321204278516,-0.9199225966339165,0.009922612069363568,3,DigitalPrice
VUC,NIST5,PoW/PoS,62942075.0,120000000.0,-0.35030996418917604,1.424923168845585,-0.6751425596753244,0,Virta Unique Coin
BTPL,Skein,PoW/PoS,6804362.0,100000000.0,-0.4155328367970696,1.7259920593490476,-0.8024394136900466,0,Bitcoin Planet
UNIFY,Scrypt,PoW,18133195.0,19276800.0,-0.16932345614443572,-1.1364494894890704,-0.014751201311906494,3,Unify
BRIT,X13,PoW/PoS,21268092.0,30000000.0,-0.2680124052488898,1.6753938038356069,-0.7029986555783719,0,BritCoin
SOCC,Scrypt,PoW,5167775.0,75000000.0,-0.16908675861944764,-1.1364813081498981,-0.01475123804470721,3,SocialCoin
ARC,X11,PoW,26042364.3735553,60000000.0,-0.2182282069725876,-0.9199086116993287,0.00992781274187654,3,ArcticCoin
DAS,X11,PoW,2622886.0,18900000.0,-0.21880618044447026,-0.9199010137777622,0.009937113070697194,3,DAS
LINDA,Scrypt,PoW/PoS,9044930943.24243,50000000000.0,0.13422971456873384,0.9081665270964455,-0.6148087346834531,0,Linda
XLC,CryptoNight,PoW,14161803.0,54000000.0,0.2990960069285647,-2.2634181186986986,0.38182720396904435,3,LeviarCoin
ONION,X13,PoW/PoS,21917018.0492836,18898187.6216583,-0.2680832189659701,1.675399212405058,-0.702998104448603,0,DeepOnion
BTX,Time Travel,PoW,17801865.1605478,21000000.0,-0.1485703420514562,-2.0603015547825847,0.24752398463362332,3,Bitcore
GCN,Scrypt,PoW,163055097500.0,200000000000.0,3.2432566466257104,-1.1497999566758792,-0.07380436688061127,3,gCn Coin
SMART,Keccak,PoW,2241009149.22257,5000000000.0,-0.11718275866461823,-1.2341719399128177,0.09767689389040475,3,SmartCash
SIGT,SkunkHash v2 Raptor,PoS,107972766.0,137500000.0,-0.35935632420864827,1.790103945130637,0.0003007531922131283,0,Signatum
ONX,X11,PoW,122475638.389743,1100000000.0,-0.20967156904963422,-0.9203396239328836,0.009831979302470388,3,Onix
CRM,Skein,PoW/PoS,47331802.4774238,100000000.0,-0.4150371662525856,1.7260115606068402,-0.8024508082538936,0,Cream
BCH,SHA-256,PoW,17995589.6469082,21000000.0,-0.14261850062529272,-1.3033395391424434,0.16002337321635282,3,Bitcoin Cash
XMCC,X11,PoW/PoS,12569262.5359307,9507271.0,-0.3801370583355216,1.1433243044010217,-0.584282051019924,0,Monoeci
DFT,Scrypt,PoS,18663297.3489799,17405891.19707116,-0.29530705683356623,0.9018120145284947,-0.2098242727188216,0,Draftcoin
VET,VeChainThor Authority,Proof of Authority,55454734800.0,86712634466.0,4.459032058141894,1.3958098781083617,0.31725348667130177,0,Vechain
SOJ,Scrypt,PoW,485214.0,10500000000.0,-0.09519457665327355,-1.1412691838930247,-0.015438779173345275,3,Sojourn Coin
STCN,PoS,PoS,4000000.0,61599965.0,-0.364766220272594,1.8101094900463157,0.013054026093183811,0,Stakecoin
NYC,Scrypt,PoW,143006669741.687,0.0,1.5793599847579185,-1.0676364850256719,-0.05495212117246792,3,NewYorkCoin
FRAZ,Scrypt,PoW,9704042.0,20000000.0,-0.16942141883502745,-1.136453877470601,-0.014748879185790067,3,FrazCoin
KRONE,Scrypt,PoW,17453749.4042601,84000000.0,-0.16887265385185754,-1.1364795277774196,-0.014755287026723737,3,Kronecoin
ACC,Scrypt,PoW,32646731.063036,100000000.0,-0.16857334064643534,-1.136479561959919,-0.014760615875796258,3,AdCoin
LINX,Scrypt,PoW,33716526.0,100000000.0,-0.16856025652780746,-1.136479047189023,-0.014760916655874317,3,Linx
XCXT,Scrypt,PoW/PoS,19539588.0,48252000.0,-0.33048662038389326,0.9267541064701786,-0.6089704995842437,0,CoinonatX
ETHD,Scrypt,PoW/PoS,4200000.0,4200000.0,-0.3309867127507713,0.9267669474490743,-0.6089632759105178,0,Ethereum Dark
SUMO,CryptoNight,PoW,8946653.0,88888888.0,0.2992797064487194,-2.2634366439906266,0.38182636487414456,3,Sumokoin
ODN,SHA-512,PoS,25000000.0,91388946.0,-0.39093574371307394,2.320105020197954,0.24759121662298336,0,Obsidian
ADA,Ouroboros,PoS,25927070538.0,45000000000.0,0.6706092311060654,1.8329644701463943,-0.02197794243024542,0,Cardano
REC,X11,PoW/PoS,7262402.04264803,27000000.0,-0.38007787965727957,1.1433137207299313,-0.5842817148355615,0,Regalcoin
BTCZ,Equihash,PoW,5211553258.01514,21000000000.0,0.05630908673924264,-2.071483909020024,0.48753266021127895,3,BitcoinZ
TZC,NeoScrypt,PoW/PoS,182638400.0,400000000.0,-0.3341880805109034,0.4181771548774097,-0.39766298147185736,0,TrezarCoin
ELM,X11,PoW,2702855668.85288,1800000000.0,-0.17314682039508222,-0.9194193166284876,0.009060233782552145,3,Elements
TER,Scrypt,PoW/PoS,1140734.91680375,15733333.0,-0.3309423176867231,0.9267601809663558,-0.6089631778709664,0,TerraNovaCoin
VIVO,NeoScrypt,PoW,4165967.57499639,27000000.0,-0.1776308515818539,-1.6449537174194444,0.19662883240403445,3,VIVO Coin
RUP,Lyra2REv2,PoS,24000000.0,24000000.0,-0.3128743508193529,0.8681208753027811,0.021100819434089133,0,Rupee
BTG,Equihash,PoW,17202361.088994,21000000.0,-0.1560343433200041,-2.0643528977276575,0.490379326397407,3,Bitcoin Gold
WOMEN,Scrypt,PoW/PoS,48459472454.0,25000000000.0,0.43895214159754126,0.9386085860035663,-0.6242384626232006,0,WomenCoin
MAY,SHA-256,PoW/PoS,92050800.0,100000000.0,-0.3025382845222851,0.7598760504372719,-0.43421965627447545,0,Theresa May Coin
NAMO,NIST5,PoW/PoS,560563220.0,1200000000.0,-0.3365628622364901,1.4246668407040644,-0.6753538328955482,0,NamoCoin
LUX,PHI1612,PoW/PoS,8305775.31777569,60000000.0,-0.3890248925440303,1.69866884312555,-0.6049453580610785,0,LUXCoin
PIRL,Dagger,PoW,33986980.0,156306732.71,-0.14954910135495889,-2.2130940646097805,0.4295608590249898,3,Pirl
XIOS,Scrypt,PoW/PoS,2149688.0,21000000.0,-0.33089261873578607,0.9267582487841955,-0.6089638095529958,0,Xios
BTDX,Quark,PoW/PoS,30711550.5294042,200000000.0,-0.39004545548731195,1.6868774525297103,-0.5150725244099718,0,Bitcloud 2.0
EBST,Scrypt,PoW,99990001.493466,100000000.0,-0.16774969930298125,-1.1364471572864,-0.01477954989150418,3,eBoost
KEK,POS 2.0,PoS,12330806.30517,21000000.0,-0.34905619443687164,1.763213323610043,0.08753669182768305,0,KekCoin
BLHC,Scrypt,PoW/PoS,16362544.992,14788275.991,-0.33076285119340026,0.9267679393268827,-0.6089673951387858,0,BlackholeCoin
XIN,SHA-256,PoS,8999999990.0,9000000000.0,-0.0950486881701864,0.7351210377261593,-0.038168333662753295,0,Infinity Economics
PURA,X11,PoW,175215859.0,350000000.0,-0.2143466346528958,-0.9199699566573402,0.009866709138135556,3,Pura
INN,NeoScrypt,PoW,6375259.04,45000000.0,-0.1774761483527961,-1.64496091728361,0.19662702185228,3,Innova
ELLA,Ethash,PoW,12756367.0,280000000.0,-0.15121523264398037,-1.9353492525432412,0.32976987287041815,3,Ellaism
GBX,NeoScrypt,PoW,5832306.875,31800000.0,-0.17757642276350635,-1.644955119051558,0.19662804672960296,3,GoByte
MAG,X11,PoW/PoS,38198594.8342105,144000000.0,-0.3788695784970308,1.1432748976634333,-0.584298143819699,0,Magnet
TAU,DPoS,DPoS,288090567.493887,500000000.0,3.727507052879141,1.7815275615753519,0.28361097671180113,0,Lamden Tau
ECA,NIST5,PoW/PoS,28399150208.0,30000000000.0,0.20820876992690848,1.4248416806451014,-0.6850838710500508,0,Electra
BCD,X13,PoW/PoS,183534024.889807,210000000.0,-0.26475098795263585,1.6753892545599092,-0.703056171687537,0,Bitcoin Diamond
XSH,Multiple,PoW,481730566.566176,660000000.0,-0.11942464209685094,-1.7597872173942792,0.35342514907323463,3,SHIELD
CNBC,Scrypt,PoW/PoS,110976977.29338,210000000.0,-0.3282209410994863,0.9267238540811765,-0.6090068957235414,0,Cash & Back Coin
XUN,CryptoNight,PoW,19281821413.4924,85000000000.0,1.1373110920257934,-2.2931414564083834,0.3707969541514683,3,UltraNote
COAL,CryptoNight,PoW,4500000.0,12500000.0,0.2986834592089284,-2.2634037171482735,0.3818326626654242,3,BitCoal
DAXX,Ethash,PoW,520891780.0,10000000000.0,-0.07605193264107896,-1.9395667351641994,0.3289847341207373,3,DaxxCoin
BWK,NIST5,PoS,13247178.8807286,27716121.0,-0.31616328335235455,1.399985789212782,-0.2759785474763327,0,Bulwark
KLKS,Quark,PoS,16955764.902064,20000000.0,-0.3560814335421308,1.6619976326188912,-0.11591282067516585,0,Kalkulus
AC3,X11,PoW,80316207.0,550000000.0,-0.21408860958346,-0.9201074315947456,0.009880175322076521,3,AC3
LTHN,CryptoNight-V7,PoW,441250233.377,999481516.0,-0.1432620793221001,-2.1869691012176564,0.37940231632808297,3,Lethean
GER,Scrypt,PoW/PoS,4911500269.41,50000000000.0,0.08367582296961784,0.906177576000891,-0.6136465927083753,0,GermanCoin
LTCU,Scrypt,PoW/PoS,8419402.321,150000000.0,-0.3299008790766174,0.9267020479106349,-0.6089740963196538,0,LiteCoin Ultra
POP,Scrypt,PoW,3964201248.87125,4999999999.0,-0.08573047800086452,-1.136837108312976,-0.016189778625558263,3,PopularCoin
PNX,X11,PoW/PoS,45174214.1078625,50000000.0,-0.37945104966557686,1.1433214051745657,-0.5842938937796925,0,PhantomX
PHO,BLAKE256,PoW,30089671530.5228,90000000000.0,1.0996969399976335,-1.2636534935563244,-0.0009162153841266022,3,Photon
SUCR,X11,PoW,4229040.50393462,19800000.0,-0.21878015225899236,-0.9199006540651474,0.009936602019774836,3,Sucre
SPK,NeoScrypt,PoW,7847417.33355824,21000000.0,-0.1776283864749908,-1.6449491916403278,0.1966281938043909,3,SparksPay
WAGE,Quark,PoS,27299680.0,120000000.0,-0.3552455751079356,1.6619567047189814,-0.11592233668417862,0,Digiwage
GUN,NeoScrypt,PoW,299797953.0,500000000.0,-0.170659914345205,-1.6450285951386743,0.19651445882790727,3,GunCoin
IRL,Scrypt,PoW,45483049.3398182,64000000.0,-0.16867171116999835,-1.1364568594058313,-0.014761846104400966,3,IrishCoin
TROLL,Scrypt,PoW/PoS,591022748.0,900000000.0,-0.31745524894406035,0.9266380993907548,-0.6091874572937714,0,Trollcoin
LCP,Scrypt,PoW/PoS,2504486.227718,4000000.0,-0.3310088684132541,0.9267662234012181,-0.6089627859898645,0,Litecoin Plus
MONK,X11,PoS,4407252.0,21000000.0,-0.3447462733389623,1.1183592709188497,-0.18513657336854364,0,Monkey Project
PCOIN,X11,PoW,8478104.33969947,23000000.0,-0.21870548500454667,-0.9199000784410086,0.009935195918839188,3,Pioneer Coin
UBTC,SHA-256,PoW,20166000.0,20166000.0,-0.14259787139456628,-1.3033381119204481,0.16002281809942348,3,UnitedBitcoin
ITZ,C11,PoW,11916588.09471,23000000.0,-0.20327325111641387,-1.2442212623578643,0.0550466374452402,3,Interzone
TPAY,POS 3.0,PoS,20445861.5344251,25000000.0,-0.35431922275384187,1.7902444982105934,0.033970467209724624,0,TokenPay
MCT,Ethash,PoS,1618033.0,1618033.0,-0.2793029676713671,0.10303356987916967,0.13471835327540788,0,1717 Masonic Commemorative Token
MBC,Scrypt,PoW and PoS,9399342.52839847,30000000.0,-0.28845916939954164,0.3560320975022704,-0.3201051872890411,0,My Big Coin
TRTL,CryptoNight,PoW,53139835213.77,1000000000000.0,8.041938706602354,-2.6968824958278295,0.30081665635119725,3,TurtleCoin
MUN,SkunkHash,PoW,4818338.98949984,16600000.0,-0.1390371845836301,-2.1706792773872094,0.34078434901973537,3,MUNcoin
USX,Scrypt,PoW/PoS,234846265.782157,232000000.0,-0.3265499023358081,0.926773359156741,-0.6090431761157499,0,Unified Society USDEX
NBR,CryptoNight,PoW,133932467.774108,336000000.0,0.3025612203863014,-2.2634899394817114,0.38177489578946217,3,Niobio Cash
SSS,Scrypt,PoW,10000000000.0,10000000000.0,0.023557674594363316,-1.1362280259727047,-0.01821717161326321,3,ShareChain
TRF,Dagger,PoW,107325266.027783,100000000.0,-0.1490515482864398,-2.213032927467863,0.4295439600767659,3,Travelflex
KREDS,Lyra2REv2,PoW,643795911.540095,1100000000.0,-0.17168455236698205,-1.1703352178727282,0.21592850625225446,3,KREDS
TOKC,X13,PoS,230298925.0,800000000.0,-0.22458479432072903,1.6501850859437388,-0.3039643634073078,0,Tokyo Coin
BBP,Proof-of-BibleHash,POBh,1772091549.88818,5200000000.0,-0.166138416851585,2.3744463828166515,10.744884153010613,1,BiblePay
LCC,SHA-256 + Hive,PoW + Hive,638382332.208514,840000000.0,-0.3193771110940269,2.948128747336615,4.087107444137669,0,LitecoinCash
FLIP,Scrypt,PoW,12446100.00278,40000000.0,-0.1692460126637607,-1.136461739079741,-0.014750971683405336,3,BitFlip
LOT,Scrypt,PoW,14491014421.0,18406979840.0,0.1381196726768632,-1.137926255711412,-0.02003536266451142,3,LottoCoin
CIF,X11,PoW,211297638.500483,500000000.0,-0.212841315838326,-0.9200214524701855,0.009846652880883183,3,Crypto Improvement Fund
SPD,C11,PoW/PoS,11251342.1879021,19340594.0,-0.3646932452032556,0.8189963177549203,-0.5391699219594982,0,Stipend
POA,Proof-of-Authority,PoA,204479039.0,252460800.0,-0.37692096975388956,2.483421576877791,13.631067698316961,1,Poa Network
PUSHI,X11,PoW/PoS,2167827.1,25000000.0,-0.3801543757615841,1.1433121873942231,-0.5842801503064309,0,Pushi
ELP,XEVAN,PoW/PoS,419275.38,60000000.0,-0.3072613501283172,0.9746619196754492,-0.4909573299064907,0,Ellerium
VLX,Scrypt,PoS,25570013.1348022,124000000.0,-0.29446646190853243,0.9017664056523446,-0.2098332580580633,0,Velox
ONT,VBFT,PoS,650848625.0,1000000000.0,-0.32288574076022236,1.7147202709692442,0.10313946300109172,0,Ontology
CLO,Ethash,PoW,247612453.0,6500000000.0,-0.10422142746326314,-1.938091549658428,0.32929283960844713,3,Callisto Network
TUBE,CryptoNight,PoW,80049082.9057215,1000000000.0,0.30661226588329554,-2.2638206783154544,0.38174617002488576,3,BitTube
PSD,Scrypt,PoW,4070212.1493016,21000000.0,-0.16948322987443698,-1.1364570474460687,-0.014747361273917665,3,Poseidon
ADK,IMesh,PoW,25000000.0,25000000.0,-0.1446438234934399,-2.1593178743451555,0.5018165699858431,3,Aidos Kuneen
BSX,NIST5,PoW/PoS,13787854.6277781,50000000.0,-0.35140768758075985,1.4249316501742983,-0.6751241142108422,0,Bitspace
BRIA,Scrypt,PoW/PoS,845637.81347436,3000000.0,-0.3310362504184519,0.9267658842382561,-0.6089622535159458,0,Briacoin
IC,Scrypt,PoW/PoS,1182153.5,5000000.0,-0.33101794772074783,0.9267651280600193,-0.608962480284553,0,Ignition
BTL,Equihash,PoW,71355477.0,70000000.0,-0.15502444390042047,-2.0643493335522596,0.4903608630865982,3,Bitrolium
MEDIC,Scrypt,PoS,267297676.3125,500000000.0,-0.2888428679079351,0.9017101179950018,-0.20992606655466936,0,MedicCoin
ALPS,Lyra2Z,PoW,27340501.6514783,300000000.0,-0.1513071582093784,-2.2144160056153495,0.4125751608110027,3,Alpenschillling
BITG,Green Protocol,PoS,9803691.3618195,21000000.0,-0.3562299974791002,1.8892661365976,-0.07087691462151104,0,Bitcoin Green
DEV,PoS,PoS,21876586.8530324,88000000.0,-0.364360312891338,1.810105973016132,0.013047255522332647,0,Deviant Coin
ABJ,Scrypt,PoW/PoS,9880502.37178894,30000000.0,-0.3307342258174248,0.9267578372750992,-0.6089665778209776,0,Abjcoin
SEM,Semux BFT consensus,DPoS,1231147.0,100000000.0,3.9267577066059105,1.8193362375429156,0.24561212320973072,0,Semux
FTO,X11,PoW,31801461.1867843,100000000.0,-0.21787403147943177,-0.9199242026005529,0.009923550433933071,3,FuturoCoin
CARE,Quark,PoW/PoS,139739596.506702,200000000.0,-0.38871198882183877,1.6869299153550499,-0.5151031783821052,0,Carebit
NZL,PoS,PoS,11075254.0929996,80000000.0,-0.3645491662882715,1.8101044479806663,0.013050821009841842,0,Zealium
XMC,CryptoNight,PoW,16016864.0,18400000.0,0.29886616761262064,-2.2634008837985253,0.38182903476416474,3,Monero Classic
PROTON,X16R,PoS,4403800.0,45000000.0,-0.315733410366057,0.8516666504174322,0.09298953316073753,0,Proton
DEAL,Scrypt,PoW/PoS,1404157529.46026,5121951220.0,-0.2775619149920289,0.9250912715196005,-0.6096950515044951,0,iDealCash
JUMP,NIST5,PoW,21069346.2522598,21000000.0,-0.19013844215432346,-0.6382677539075341,-0.08090725695727406,3,Jumpcoin
INFX,Lyra2RE,PoW,5097689.71077377,26280000.0,-0.15385538030616802,-2.1422153844082183,0.3965576308130221,3,Infinex
XBI,XEVAN,PoS/PoW,10904963.0923455,21000000.0,-0.2661583275669832,0.28443060936702036,-0.16575781987588395,0,Bitcoin Incognito
KEC,Tribus,PoW,795447.0,18000000.0,-0.15626389230950435,-2.258106832692984,0.39248587650114697,3,KEYCO
HWC,Scrypt,PoS,38706809.466535,26000000.0,-0.2950009527396037,0.9018177140488796,-0.20983047596474094,0,HollyWoodCoin
GIN,Lyra2Z,PoW,6986399.70430446,10500000.0,-0.15360965921590314,-2.21429290402914,0.4126000129329624,3,GINcoin
PLTC,CryptoNight,PoW,84300.0,600000518.0,0.3027968718591746,-2.2636755355189315,0.3817950836193584,3,PlatinCoin
LOKI,CryptoNight Heavy,PoW,19153632.0,150000000.0,0.5698364286579303,-2.2184744760367683,0.417210401207539,3,Loki
NCP,CryptoNight,PoW,41294520017.0,184000000000.0,2.1087910192098906,-2.32799544254091,0.35806626525109075,3,Newton Coin
SIC,Scrypt,PoW/PoS,10200000000.0,10200000000.0,-0.13396343234953326,0.9269926211859109,-0.6125036067073673,0,Swisscoin
XT3,Scrypt,PoS,7630000.0154,44000000.0,-0.2952533549080368,0.901794497361859,-0.20982292790421583,0,Xt3ch
MGD,Jump Consistent Hash,PoW,135862416.039898,168000000.0,-0.14838383901243143,-2.220813373430184,0.41987741291675057,3,MassGrid
VIG,SHA-256D,PoW/PoS,33238183.7225834,100000000.0,-0.33594495595297647,1.8308928583012753,-0.7798472220461579,0,TheVig
PLURA,CryptoNight,PoW,560085952.404637,1000000000.0,0.312483353069506,-2.2635896910477737,0.3816112044140769,3,PluraCoin
EMAR,Scrypt,PoW/PoS,21599339.6728,84000000.0,-0.3302078511481589,0.9267386873852934,-0.6089734408348765,0,EmaratCoin
DKD,X15,PoS,30284196.369129,90000000.0,-0.20789577545251844,1.6476566156728123,-0.2992347676729524,0,Dekado
LYNX,Scrypt,HPoW,77872059787.8998,92000000000.0,2.2363654262031822,0.28996478542430704,-0.29840723081306,0,Lynx
POSQ,Quark,PoS,2716264.95302831,650000000.0,-0.3517867018888571,1.6617015776737223,-0.11595044595186947,0,Poseidon Quark
BWS,SHA-256,PoS,57811001.000889,100262205.0,-0.26754610712843957,0.7349036240753674,-0.03506610459193524,0,BitcoinWSpectrum
MUSE,DPoS,PoS,18194936.0,18081806.0,1.0130523681436898,1.7349529332268856,0.14210702754787344,0,Muse
XMN,X16R,PoW,8125865.02097646,22075700.0,-0.18987368771167268,-1.1865814252113678,0.288063047446808,3,Motion
PLUS1,HMQ1725,PoW,8645406.16776286,21000000.0,-0.17668392111931747,-2.165498484134062,0.4201547498134472,3,PlusOneCoin
AXE,X11,PoW,4993030.69736615,21000000.0,-0.2187622961157581,-0.9199008373063978,0.009936307925799293,3,Axe
TRVC,X16R,PoW/PoS,36923120.6205934,82546564.0,-0.3504784345898467,0.8766208926975229,-0.306166033105612,0,Trivechain
DTEM,Quark,PoS,7082392.24744494,21000000.0,-0.3561950962767184,1.6619924226326015,-0.1159101107871755,0,Dystem
GIC,Quark,PoW/PoS,5919489.76813523,5151000.0,-0.39173083063817316,1.6869549688495853,-0.5150526788248453,0,Giant
PNY,Scrypt,PoS,1042012.45227735,16880000000.0,-0.17590822432375855,0.8940627190247411,-0.21093355599256744,0,Peony Coin
ABS,Lyra2REv2,PoW/PoS,13332617.9413708,52500000.0,-0.3482117412272098,0.8930584895720046,-0.3780420068247752,0,Absolute Coin
VITAE,Quark,PoS,66053877.6256106,100000000.0,-0.35491346164857496,1.6619845337666979,-0.11593191113933927,0,Vitae
HEX,Scrypt,PoW,1416663.06600024,22105263.0,-0.1695078439329713,-1.1364588316718707,-0.014746688243642222,3,HexCoin
TPC,Scrypt,PoW/PoS,5403802.49590733,1000000000.0,-0.3239083096255788,0.9263104021996577,-0.6090294143159414,0,TPCash
WEBC,CryptoNight-V7,PoW,15580199.3087496,1750000000.0,-0.14314445103994694,-2.1875184553013804,0.37947240397028636,3,Webchain
RYO,Cryptonight-GPU,PoW,4890897.0,88188888.0,-0.1482966452194721,-2.1847347686922323,0.3574572646148955,3,Ryo
URALS,XEVAN,PoW,14746153.0962884,210000000.0,-0.14463620456451587,-1.0886162646633262,0.10324571862137796,3,Urals Coin
QWC,CryptoNight Heavy,PoW,99553110528.8022,184470000000.0,3.094654583776924,-2.2551926394622317,0.37704635646260315,3,Qwertycoin
ARE,X11,PoS,19269509.94,55000000.0,-0.3443233225403654,1.1183508146511334,-0.18514299862693157,0,ARENON
EUNO,X11,PoW/PoS,30771125.9760867,50000000.0,-0.37962720652257115,1.143314474602801,-0.5842898442541025,0,EUNO
MMO,Scrypt,PoS,107763867.917675,260000000.0,-0.29249647833366277,0.901743525083573,-0.20986535395235908,0,MMOCoin
KETAN,PoS,PoS,9327131.59708692,210000000.0,-0.36364839524710774,1.8100439299796363,0.013042722434730562,0,Ketan
PPAI,SHA-256,PoW,2100000000.0,2100000000.0,-0.10240723236967095,-1.303292076895165,0.15930062853484464,3,Project Pai
XDNA,Keccak,PoW/PoS,4672513.84432375,366000000.0,-0.33879130842629607,0.8300954348128259,-0.49560513018213553,0,XDNA
PAXEX,X11,PoS,4504639.0,100000000.0,-0.3441846979115811,1.1183230526308008,-0.18514182086997136,0,PAXEX
AZART,X11,PoW,5015881.37315389,25000000.0,-0.21873364275029367,-0.919902662521055,0.00993603719128296,3,Azart
TSC,Scrypt,PoW/PoS,1059954080.43439,18000000000.0,-0.19042160625762597,0.9190139446712075,-0.6104492253063832,0,ThunderStake
KCASH,SHA-512,Zero-Knowledge Proof,1000000000.0,1000000000.0,-0.4711126274730839,3.400622251345444,0.7222182410768345,0,Kcash
XCG,X16R,PoW,9753753.61515394,100000000.0,-0.18930102394497772,-1.1866164132398909,0.2880574407140492,3,Xchange
AAC,ECC 256K1,DPOS,1000000000.0,1000000000.0,-0.35363597680332565,3.577786318854693,15.547325804425594,1,Acute Angle Cloud
CRYP,Equihash,PoW,4235111504.0,7600000000.0,-0.050685809529133534,-2.0658024558080075,0.48869263155724996,3,CrypticCoin
BTXC,XEVAN,PoS,6787405.18013774,50000000.0,-0.27184531244831384,0.9497137441923338,-0.09181451731705248,0,Bettex coin
ACM,Lyra2Z,PoW,13634850.0,84000000.0,-0.15300697515938064,-2.2143234452450007,0.4125932869819102,3,Actinium
BSV,SHA-256,PoW,17992514.6469233,21000000.0,-0.14261853823405593,-1.3033395406220922,0.1600233740809099,3,Bitcoin SV
BITM,XEVAN,Pos,208515864.367343,70000000000.0,0.5205193665479391,-0.14392490997501453,-0.050994855033066715,3,BitMoney
JMC,X11,PoS,17209923728.3266,0.0,-0.13446330127155462,1.1266479735114654,-0.1899726330046222,0,Junson Ming Chan Coin
FRED,CryptoNight,PoW,1867054873.28397,8080000000.0,0.37869001235776956,-2.266210887095899,0.3807759127540215,3,FREDEnergy
HERB,Quark,PoW/PoS,35312185.7437239,54000000.0,-0.3910248344557443,1.6869466879617674,-0.5150641705985154,0,HerbCoin
UMO,Blake,PoW,1578281.31341127,105120001.44,-0.13444255942890113,-2.2203960152234203,0.4354278724315096,3,Universal Molecule
LIT,Blake,PoW,15846721.2482747,25228800.0,-0.1348347554350736,-2.2203524751849213,0.43542913977192454,3,Lithium
PIRATE,Equihash,PoS,13475920.0,105000000.0,-0.28146088069057634,-0.026132861158773692,0.295301777613743,0,PirateCash
EXO,Exosis,PoW,406091.925,21000000.0,-0.1565844609093642,-2.223010607834524,0.4318112402508433,3,Exosis
BLTG,Scrypt,PoW,35284717.173946,120000000.0,-0.16839920732562993,-1.1364874736470496,-0.014762679112895617,3,Block-Logic
OWC,Scrypt,PoW/PoS,14777549.3940764,21000000.0,-0.33073817377555337,0.9267643251407953,-0.6089673599615885,0,Oduwa
BEAM,Equihash,PoW,35687520.0,262800000.0,-0.15409305905034454,-2.0644550018186782,0.49035815163690594,3,Beam
GALI,Quark,PoW/PoS,18265011.2486006,19035999.0,-0.39148134597391043,1.686954535404196,-0.5150570673373176,0,Galilel
BTH,Equihash,PoW,25150787.5,30886000.0,-0.15586700408256032,-2.0643536112453105,0.4903764384016878,3,Bithereum
CSPN,Quark,PoS,1934701.67524713,13370000.0,-0.3563121782621273,1.6619934482040757,-0.11590815930805079,0,Crypto Sports
CREDIT,Scrypt,PoW/PoS,30825710000.0296,74800000000.0,0.5765374836518747,0.9072626416525761,-0.6225712692941625,0,Credit
SLC,QuBit,PoW,12925790.4226959,100000000.0,-0.19008229759013714,-1.5370823400182947,0.20668718145757103,3,SLICE
DASHP,X11,PoS,715659.44237941,19700000.0,-0.34480064484732637,1.1183580913425777,-0.18513544955162595,0,Dash Platinum
NSD,Scrypt,PoW/PoS,20546528.2059957,84000000.0,-0.3302207275505875,0.9267381807866142,-0.6089731448298156,0,Nasdacoin
BEET,XEVAN,PoW/PoS,198938144.363399,500000000.0,-0.3017122387006724,0.9745554611675603,-0.4910422189168369,0,Beetle Coin
TTN,SHA-256D,PoW/PoS,896361168.0,5000000000.0,-0.290630521225196,1.8290588240756178,-0.780413674528376,0,Titan Coin
AWR,X11,PoW/PoS,15420234.5389336,420000000.0,-0.37719037061363486,1.1431372385271577,-0.5843099769124394,0,Award
BLAST,SHA-256,PoW,52293836.6277958,64000000.0,-0.1418939968608907,-1.3033427745470652,0.16001088870100041,3,BLAST
XRC,X13,PoW,1170292.5,2100000.0,-0.10707021920900962,-0.3878192797496447,-0.10877417313724716,3,Bitcoin Rhodium
GLT,SHA-256,PoW,84613099.9999955,168000000.0,-0.14076099521066965,-1.3033749644158463,0.15999492986437688,3,GlobalToken
INSN,X11,PoW/PoS,23775960.3207514,30000000.0,-0.3798546302937912,1.1433202896738974,-0.5842865559665208,0,Insane Coin
ALX,DPoS,DPoS,1000000000.0,1000000000.0,3.7397607919442506,1.7816405965314768,0.28337777982569096,0,ALAX
LDOGE,Scrypt,PoW/PoS,15318887081.0146,35000000000.0,0.10456119695291755,0.9180712580306027,-0.615581537758171,0,LiteDoge
SLR,Scrypt,PoW,55565076.3863525,98100000000.0,0.5268672780845084,-1.1814556812683297,-0.021242651936650692,3,SolarCoin
TRK,X11,PoW/PoS,242574105.22384,0.0,-0.3773914254684435,1.143439343966153,-0.5843460902197818,0,TruckCoin
UFO,NeoScrypt,PoW,3824685012.0,4000000000.0,-0.102721656532262,-1.6449391508559712,0.1952921418461554,3,UFO Coin
OC,Scrypt,PoW/PoS,3537150.0,200000000.0,-0.3296059177948716,0.9266767460104843,-0.6089760275150913,0,OrangeCoin
BLC,Blake,PoW,23356790.1494191,7000000000.0,-0.0852675551058973,-2.2235506477615363,0.43496615300542796,3,BlakeCoin
BITS,Scrypt,PoW/PoS,20576532.0,54256119.0,-0.3304313479947011,0.9267518492276678,-0.6089711878650733,0,BitstarCoin
NEOS,SHA-256,PoS,4392258.24647793,21000000.0,-0.26876168892524316,0.7349143052120019,-0.03504584810505188,0,NeosCoin
HYPER,Scrypt,PoW/PoS,9631199.99309942,0.0,-0.3309500790866158,0.926771488889863,-0.6089645254037206,0,HyperCoin
PINK,X11,PoW/PoS,436353624.490312,500000000.0,-0.3714746702637377,1.143303061795684,-0.5844336113783344,0,PinkCoin
CESC,Scrypt,PoW,780210700.0,1000000000.0,-0.1530461400065003,-1.1365329915311273,-0.015030268265282545,3,Crypto Escudo
ADC,Scrypt,PoW/PoS,980732528.97974,10500000000.0,-0.24459156942296845,0.922418718255617,-0.6099313705796443,0,AudioCoin
NKA,SHA-256,PoW/PoS,17939725045.334,190000000.0,-0.08361403141235763,0.7684227958578869,-0.4392435975077332,0,IncaKoin
PIGGY,X11,PoW/PoS,494240666.028571,1000000000.0,-0.367219946947385,1.1431013899976195,-0.5844829254481692,0,Piggy Coin
CRW,SHA-256,PoW,22986929.0854247,42000000.0,-0.14240849116236634,-1.303346777480215,0.16002058224058358,3,Crown Coin
GEN,Scrypt,PoW/PoS,60000000.0,15000000.0,-0.3302276417820113,0.9267888398892843,-0.6089796780944289,0,Genstake
SMLY,Scrypt,PoW,29583989322.9213,50000000000.0,0.5468184077008172,-1.1451665753677762,-0.0263664415392286,3,SmileyCoin
MI,Scrypt,PoW/PoS,404316475.545465,400000000.0,-0.3232854948588325,0.9267777851121973,-0.6091019248263736,0,XiaoMiCoin
GRS,Groestl,PoW,73298203.8873662,105000000.0,-0.19652240574217297,-1.245929305466865,0.11441973169355824,3,Groestlcoin
CPC,X11,PoW/PoS,201364327.427503,208000000.0,-0.3764199990306494,1.1433240314519486,-0.5843482479266947,0,CapriCoin
CLUB,Scrypt,PoW/PoS,103621876.167052,160000000.0,-0.3286655712370695,0.9267432675318851,-0.6090015239134611,0, ClubCoin
RADS,PoS,PoS,3821245.74150193,9000000.0,-0.3651415229363368,1.8101335501788482,0.013057552023951048,0,Radium
BTA,Scrypt,PoW,5052555.91981545,5000000.0,-0.16958471088842808,-1.136449229915118,-0.014746580226931538,3,Bata
PAK,Scrypt,PoW,69684455.4387001,182000000.0,-0.1675386862932231,-1.1364993822133822,-0.01477644763520728,3,Pakcoin
CRB,X11,Proof of Trust,16901016.6609755,16504333.0,-0.3531791873349806,0.6337903239000104,-0.1875241275571587,0,Creditbit 
OK,SHA-256,PoW/PoS,74676064.9488608,105000000.0,-0.3027153187206704,0.7598653946864683,-0.43421510163763416,0,OKCash
LSK,DPoS,DPoS,120012140.0,159918400.0,3.723039011467523,1.7816027998194879,0.28368070483081376,0,Lisk
XHI,Scrypt,PoS,10000244677.7002,10008835635.0,-0.10235347040345934,0.902028425836418,-0.2132908702324743,0,HiCoin
XWC,Scrypt,PoW/PoS,252005564.19257,300000000.0,-0.325857679532817,0.9267504004081197,-0.6090524938366964,0,WhiteCoin
FSC,NeoScrypt,PoW/PoS,1120385.00502,60168145.0,-0.3388187231332512,0.4182458115272185,-0.3975894912244892,0,FriendshipCoin
FIII,SHA3-256,DPoC,-5917977547.96773,5000000000.0,-0.560956698737131,3.3933183182913793,18.11504406457721,1,Fiii
J,Multiple,PoW,3332922.5,2800000.0,-0.12993751095055187,-1.7597157265703167,0.3536030799203846,3,JoinCoin
TRI,X13,PoW/PoS,140777.753365,120000.0,-0.2684827556625866,1.6753973541463243,-0.702990741096244,0,Triangles Coin
VOLLAR,Equihash+Scrypt,PoW,100000000.0,2100000000.0,-0.11450119122261232,-2.0864005806895167,0.47148533296669065,3,Vollar
EOS,DPoS,DPoS,1020544523.0722,0.0,3.73291858896022,1.7821095348024512,0.2834380810677563,0,EOS
RCC,Ethash,PoW,24487944.0958204,24487944.0,-0.15288421745342495,-1.935226314012456,0.3297834580493503,3,Reality Clash
OXY,DPoS,DPoS,1122382283.37,0.0,3.7341641148928035,1.7821585377592901,0.28340944869304685,0,Oxycoin
TCH,SHA-256,PoS,1000000000.0,1000000000.0,-0.24964040652116512,0.7349439658097197,-0.03539045979840426,0,TigerCash
WAVES,Leased POS,LPoS,100000000.0,100000000.0,-0.3753869528354572,1.4696861630515463,9.969750424597823,1,Waves
PART,PoS,PoS,9283137.5558676,8634140.0,-0.3650773165290161,1.8101363463164855,0.013056040551251058,0,Particl
BTT,TRC10,DPoS,989988713439.649,990000000000.0,34.09601708288655,1.9206162666980315,-0.38898588070226636,2,BitTorrent
NXT,PoS,PoS/LPoS,1000000000.0,1000000000.0,-0.3873338153996431,1.9808677086411464,0.11538308903266495,0,Nxt
ZEPH,SHA-256,DPoS,1999999995.3056,2000000000.0,2.4774188130403934,0.7816320837711992,0.10587398205142254,0,ZEPHYR
GAP,Scrypt,PoW/PoS,14931046.1546605,250000000.0,-0.32911189120621287,0.9266592759734754,-0.6089825348596953,0,Gapcoin
BDX,CryptoNight,PoW,980222595.0,1400222610.0,0.3204607991212253,-2.263571250160545,0.38146663445802736,3,Beldex
ZEN,Equihash,PoW,7296537.5,21000000.0,-0.15615549641810458,-2.064357664276375,0.49038211148667044,3,Horizen
XBC,Scrypt,PoS,128326.99633965,1000000.0,-0.2956501233837183,0.9018106269164847,-0.2098179774267719,0,BitcoinPlus
